Apple 아이폰 13 256GB [자급제],"최저1,160,000원판매처 101",https://cr.shopping.naver.com/adcr.nhn?x=6bWhKxl%2BYoT2vZ9Gejy34v%2F%2F%2Fw%3D%3Ds8kKQ0Bj40tYIC7AwdhPRgLpQ1Q4D7%2BVlwz0a5mnNpLyGgjNtjvRyY8TaEm3AQ5UwM8XPeLDEwukVYsU9vsr7u2BOSyHTOMmal1TXI0F6LOcP%2BXOJxhpsiZXKSt%2FgXMmyYW3%2BMmMD6hZfpd9svXzePt9%2BKy%2Fm0d%2BgYWHtEf61Jo5CNclKwvLyA%2Fys%2F%2FHPPajLymj3I0Ayg2aYacGIsBoPOmNmcbgLr0lu2cCLGgyX7c9vsepmwRk8o%2FCB4DgHhnjV3eEQANGOySS560gSgfTuoPziKuqi6lvlwe2gIVAf2UAlXTdy6Sn%2F2yromYu89VyUtrZ7e2PeVgZmdR0uSXgsUuMcSvaRafmlFqqCn8cfueRXfqiCwBtPYYwEdSt6i2JAd%2FDEuCS2Zrll9y4OS8eJPW%2BSivtm6ryIrke9VsSBx%2FIEc05LTibBt%2FawtKKLwCqnaAlobvnzLQdM2LFJqdgxXA385erTrEUuUwLA0NA5uM8tyoSE6KxzK06m1%2BHQP34C%2BbC1Cf8uCBK%2FXkYZ3DAXhwJHhPA6uOxiAKXdrpksSzW%2FhgaMkJIhbUi8HFdPXAb30jKwDuYFwEN2MbvGU9foGCPIzsg0MC3VZ8KLfE3rHGSFbDf4gHI5rSMJU1BWcIOg&nvMid=29029192591&catId=50001519
Apple 아이폰 13 프로 256GB [자급제],"최저1,409,008원판매처 87",https://cr.shopping.naver.com/adcr.nhn?x=AlRn1O6HlUC3nLXJ20nLo%2F%2F%2F%2Fw%3D%3Dszd%2B4harA0UlUUoSZIpO2FTm1RE9z2b4yORVj9izZoH6GgjNtjvRyY8TaEm3AQ5UwDb6uGvJ5Fw%2FVUTEsF8Q%2BD2BOSyHTOMmal1TXI0F6LOcP%2BXOJxhpsiZXKSt%2FgXMmyYW3%2BMmMD6hZfpd9svXzePt9%2BKy%2Fm0d%2BgYWHtEf61Jo5CNclKwvLyA%2Fys%2F%2FHPPajL137zj6xS8KLGHM26HEneD2NmcbgLr0lu2cCLGgyX7c9vsepmwRk8o%2FCB4DgHhnjV3eEQANGOySS560gSgfTuoPziKuqi6lvlwe2gIVAf2UAlXTdy6Sn%2F2yromYu89VyUbCdtmBf9jHhAXJv5Pqn7n2WIZATKfN8zrgLY2DsnHkFXfqiCwBtPYYwEdSt6i2JA%2FWMLzxfkqsmfXLVpvQi4a%2FkwYDk9tHsvw%2B%2F64PPynPYEc05LTibBt%2FawtKKLwCqnk6qjg%2F%2B%2B1yHbR7Om%2F12%2BtCOCcokyWX5Du%2FLDhkAEqN8lDv77rgQoH8LCOsgmhGGjhejKyKKQJPosYkFFU2iKXlodLIKOep%2Ft6%2Bg5w4PedQwNauEcRynSn%2F8orOK7nc90UKx0wYPIydwPHuMdgpXv%2F2W0Hsqd9v0yUym1vx3zxbaFbDf4gHI5rSMJU1BWcIOg&nvMid=29030492586&catId=50001519
Apple 아이폰 13 프로 128GB [자급제],"최저1,279,674원판매처 90",https://cr.shopping.naver.com/adcr.nhn?x=rgtptELC%2B450eT0eOlq1Gf%2F%2F%2Fw%3D%3Ds5dAYQLRMyU6N%2F28zTFPqq3nWpOJyVLr7IPu%2FMHQ%2FUySGgjNtjvRyY8TaEm3AQ5UwCMVwkxmkqkGk5dduV94xOWBOSyHTOMmal1TXI0F6LOcP%2BXOJxhpsiZXKSt%2FgXMmyYW3%2BMmMD6hZfpd9svXzePt9%2BKy%2Fm0d%2BgYWHtEf61Jo5CNclKwvLyA%2Fys%2F%2FHPPajLTxs46ihXoVB%2B04WPMRzZJmNmcbgLr0lu2cCLGgyX7c9vsepmwRk8o%2FCB4DgHhnjV3eEQANGOySS560gSgfTuoPziKuqi6lvlwe2gIVAf2UAlXTdy6Sn%2F2yromYu89VyUmvpbRf0uwbOdNuc3n7svxF94F%2FZ0L7yVIDIFfDkZuRdXfqiCwBtPYYwEdSt6i2JAHH5%2F%2FrTPKN8vdPErW076OFZRUPHfSrK8%2FRQ6mKxMpUwEc05LTibBt%2FawtKKLwCqnk6qjg%2F%2B%2B1yHbR7Om%2F12%2BtHnpx4gEZsGjZBJSCDwSLbAlDv77rgQoH8LCOsgmhGGjhejKyKKQJPosYkFFU2iKXr6PpJGSKTVmUlNMco49IV8NauEcRynSn%2F8orOK7nc90hhr2dXLb8juf4vSGkKIRd9PulJhtluD1t3%2FbgJSYzveFbDf4gHI5rSMJU1BWcIOg&nvMid=29030420587&catId=50001519
Apple 아이폰 13 미니 128GB [자급제],"최저919,908원판매처 104",https://cr.shopping.naver.com/adcr.nhn?x=SNwXxLl6E0DbL8%2B2jA0Mn%2F%2F%2F%2Fw%3D%3DsqDc8xD7LyTltpP9SqTya%2BdeRER6N3X5wiRptIyGSyb2GgjNtjvRyY8TaEm3AQ5Uw%2BQ8DJJW6uQIyJwEzogABdGBOSyHTOMmal1TXI0F6LOcP%2BXOJxhpsiZXKSt%2FgXMmyYW3%2BMmMD6hZfpd9svXzePt9%2BKy%2Fm0d%2BgYWHtEf61Jo5CNclKwvLyA%2Fys%2F%2FHPPajL6vmS6IPw0N8PQDlZk4TeMmNmcbgLr0lu2cCLGgyX7c9vsepmwRk8o%2FCB4DgHhnjV3eEQANGOySS560gSgfTuoPziKuqi6lvlwe2gIVAf2UAlXTdy6Sn%2F2yromYu89VyUeMSnEkfSPdC390pyPDSdmprmr4o%2FjZmjfjgs1y4kXfNXfqiCwBtPYYwEdSt6i2JAmEwzklfczU%2FX57JNs5EMRIKRWQRoKUYseJSMX4ors%2BUEc05LTibBt%2FawtKKLwCqnlArQYL2rUkhRRerK7frppVAd3u3y%2B4XNwIArnBjGOjslDv77rgQoH8LCOsgmhGGjhejKyKKQJPosYkFFU2iKXk1aj2ZJrFyCR0w2knxKlz2IDf9TYDOC4LzgCehLsur5aok7EqT%2FMCJrpHlvR%2B2FJbvIX0gjwTBoRyzYyu0urT4OEsHC78VBLnFZh%2FnDobeN&nvMid=29030650586&catId=50001519
Apple 아이폰 13 128GB [자급제],"최저1,050,000원판매처 93",https://cr.shopping.naver.com/adcr.nhn?x=y3E%2BGhpyBAi8nl3QxL7cT%2F%2F%2F%2Fw%3D%3DsLjCWHvT0FKGGTz3NIJzTvJDz1snn0JBRso%2FhkSrC2feGgjNtjvRyY8TaEm3AQ5UwZPofzEC%2BV0witm2yI%2BzSaWBOSyHTOMmal1TXI0F6LOcP%2BXOJxhpsiZXKSt%2FgXMmyYW3%2BMmMD6hZfpd9svXzePt9%2BKy%2Fm0d%2BgYWHtEf61Jo5CNclKwvLyA%2Fys%2F%2FHPPajL5rmSYJSQ7Q%2FSdegndTkuDGNmcbgLr0lu2cCLGgyX7c9vsepmwRk8o%2FCB4DgHhnjV3eEQANGOySS560gSgfTuoPziKuqi6lvlwe2gIVAf2UAlXTdy6Sn%2F2yromYu89VyUl1QeohXtsnJ2gWCO2obY7ElhvHagnxq%2BVDfEBiePg45XfqiCwBtPYYwEdSt6i2JAr5u8wxKRrTc2e72eiZ7BtdW0YnDPjfWiPvNqMw%2FRuDIEc05LTibBt%2FawtKKLwCqnTEM7MMN0Xq61PV1wjz80Rg385erTrEUuUwLA0NA5uM8tyoSE6KxzK06m1%2BHQP34CC%2BPpXcwvBea0ucPVylzc3EBsc2h%2FGWZ%2F0XimIxdfF82%2FhgaMkJIhbUi8HFdPXAb3yfm5AC%2F2L%2FiKAU8e0ISNTW9TZjqEQTAbFzUBl8432wvhVEAf6wwM5tqtSh0bB5Hx&nvMid=29030374587&catId=50001519
Apple 아이폰 13 미니 256GB [자급제],"최저1,070,000원판매처 71",https://cr.shopping.naver.com/adcr.nhn?x=4vf1kDPFxePU%2FkEvmHYn1f%2F%2F%2Fw%3D%3Dsw8e%2B1cQzHAG4KDiRz2ldn8lgtitpVlP0qKOeJIbo%2FFRN4NgkrPIjlczCBjhk2dSMdWTITPlYC6TDt70%2BC6BAMuSFV3hgwg4jPM4yYytt81QEGV3B%2FlnkbH51EX3Cg2JByR3oXsp%2B0rFrYleARBLIuMv%2BjB2erv%2BZ%2Brrs5VHOiTQgGE7%2BZatKjf5hEf1XctkKH44md2DnHUZj1xMBh7dKLJbkCnZt3PKDnGtnPfTpWXV9gLRMuJH34gK%2BdKxxm2wLzvmuWdN0wuXY4ET8K7rpR99%2BKy%2Fm0d%2BgYWHtEf61Jo4AUk0tbEb%2BPaAR8Zvsauh4xjVc0pCbuLqyukU9MQZlg%2F0PqpzS9bsPbua3QvdT2KMMbh6%2FL4zXePrhRg6eFPIZ4fn7ivGCZf8PeW0rSoGCAtwRQyT5iDRlXdtlKXilPLKk5Veu6YTQhhahVu5gYc%2BVXidWWlmU6nrd6uznt5Dut8bbTrOhMmQpEkp4UEtzKmSE4FQdvRmo7oxOSvwywmch9%2BgAumolLVJz5BfuR21BUKe0MIkOInjR4p3YMjaoGoYRpOFzCbaM6OU97uoPifjrnNdMI%2BOodwnPyeBPOVGttZP2c9nrfcN7BBQbAKS73PwdHI8FZtQVGFZJxOyBDKc%2B&nvMid=29030437590&catId=50001519
Apple 아이폰 13 프로 맥스 256GB [자급제],"최저1,600,000원판매처 48",https://cr.shopping.naver.com/adcr.nhn?x=nKDKBmSO8bLvsqzhg8l%2BQv%2F%2F%2Fw%3D%3Ds8Uuf0t155OQfTa6UAXB%2F%2BlQ061PqVkPit1GP3HoWssKGgjNtjvRyY8TaEm3AQ5UwKrxcoxJqorG1Ll8%2BisESm2BOSyHTOMmal1TXI0F6LOcP%2BXOJxhpsiZXKSt%2FgXMmyYW3%2BMmMD6hZfpd9svXzePt9%2BKy%2Fm0d%2BgYWHtEf61Jo5CNclKwvLyA%2Fys%2F%2FHPPajLFwJLY7jZl%2ByD9qyNvqbno2NmcbgLr0lu2cCLGgyX7c9vsepmwRk8o%2FCB4DgHhnjV3eEQANGOySS560gSgfTuoPziKuqi6lvlwe2gIVAf2UAlXTdy6Sn%2F2yromYu89VyUJD1y3LHIPUGgS6g%2FiP6oQtQ4HdMHFRCBPWVX1fZg%2BNtXfqiCwBtPYYwEdSt6i2JAU08y%2FDFkXp%2FpYYZOo5Vft4%2FJ9VWu881IT7GL757Q0D8Ec05LTibBt%2FawtKKLwCqnk6qjg%2F%2B%2B1yHbR7Om%2F12%2BtAm3dAkP%2Fn0VvyxjRZxDM5B1I8EDCh5n2RBrPUf%2BYM4BX8a%2FHvPOPEuDd1Ce%2FzZYNWlFQTqAaJ1qkqJOY%2FzS6F8E%2BgTMxszCb3FBzFiju5JrFQwuyGCI%2Bg3dUVY%2FXoQXMb50Re4fMo6iqBX%2BfVeUAhZWhZ3SMHTcLlpircdRzUgq1JIslBmdxaTx7xO1%2BPPoWw%3D%3D&nvMid=29030294588&catId=50001519
Apple 아이폰 13 미니 512GB [자급제],"최저1,203,650원판매처 70",https://cr.shopping.naver.com/adcr.nhn?x=enxYvwdGnTi6JFrbW2%2BOIP%2F%2F%2Fw%3D%3DsPisvF7ReDpuygOrtVfpllqMQMxK7lfhq4UybHUry2FDrlQPyQuHoHFsppYbPEdHaYrAafwYd2loz3%2F3zWUelFlSp9WpHE0u8LqmFnOPDHXDGeyKtEvDVp3t6oquWQkdNamYbrp%2FJvbHol2R40Xvhg4ZnlrSZr8PDPdBCvs8uWtdeJxHcKH4rYUhc5SxvGs%2FQ5eJoxHy7F9pVayzIa84fuyJO7jbxAC%2FhHJnJbE9pD225SET%2FmTh%2Bwr3iKnDGr9FR84IsOeUc4Ulb8z2B2wXb5WBvozsGKuKOevobNYa1JmIHs%2F2PHkpmvWjL2qy1nHubep0toh3gKUGqIaTru5Pm8khzJS09gEUsjxz6Z18jsLVkIptLkhleORsoGb3BUK6Qk7A%2FO6d9%2F96zm7%2FMwASq2S%2FbsFab1MaplxhxWCpQN79KsaK6szvgRo5X5XC1HnWyi3Qtkfn1hMkL8tyo3kAsI4L05w4dWBlzRD%2F488Jiycz1JtnyFV8OD7Bngtl8x0Qvfm8I4%2BLwqxkEirhSi8uz%2FBzXodD%2Fuu3BPgOWyfXXhtPvW2q1ZBpuV%2F%2FvtKUgTGHntT5iR2YdERiMIq4zXBrZ2m33Ap3%2Fb1B9Pr%2F9vetl74XNjqh%2FZemCCOboDhnweAmG&nvMid=29030296587&catId=50001519
Apple 아이폰 13 프로 512GB [자급제],"최저1,594,800원판매처 52",https://cr.shopping.naver.com/adcr.nhn?x=3NCAWBhoApsaoMvGXeaOA%2F%2F%2F%2Fw%3D%3DsMXyaZ5xddR2ePAalnAWMs0W3S7R2g%2BEFzqGISl1pKkSGgjNtjvRyY8TaEm3AQ5UwlySi4u3zS97czVKmMJ%2BMwGBOSyHTOMmal1TXI0F6LOcP%2BXOJxhpsiZXKSt%2FgXMmyYW3%2BMmMD6hZfpd9svXzePt9%2BKy%2Fm0d%2BgYWHtEf61Jo5CNclKwvLyA%2Fys%2F%2FHPPajLiYCoXVZpYWHK%2BSJmDHKCzmNmcbgLr0lu2cCLGgyX7c9vsepmwRk8o%2FCB4DgHhnjV3eEQANGOySS560gSgfTuoPziKuqi6lvlwe2gIVAf2UAlXTdy6Sn%2F2yromYu89VyUTc2Og6fyQCJJ%2Fl6p%2Buks%2F%2F1W112Y9VkzSYeY101VW9hXfqiCwBtPYYwEdSt6i2JA0H%2BFxqyd6hoFEQsiusNJdqXoYkBsNbO7MuF95LQZ6PMEc05LTibBt%2FawtKKLwCqnk6qjg%2F%2B%2B1yHbR7Om%2F12%2BtE5%2BMKgkmCGlBQziR%2BVKAswlDv77rgQoH8LCOsgmhGGjhejKyKKQJPosYkFFU2iKXicBoq5HMS2jmLlN0q7wcb4NauEcRynSn%2F8orOK7nc900UkAwnobiSUBEZhMv0u22aS1EpWvux1Tdx8MhzKDbKKFbDf4gHI5rSMJU1BWcIOg&nvMid=29030416587&catId=50001519
Apple 아이폰 13 프로 맥스 128GB [자급제],"최저1,490,000원판매처 48",https://cr.shopping.naver.com/adcr.nhn?x=E8oMOvaSkrkd1R6IDD0x1P%2F%2F%2Fw%3D%3DsyyZ8eRztDtihVTAQzcQquxYPqek0Ox79vKGSLeG%2BkdCGgjNtjvRyY8TaEm3AQ5UwOhrHUwr7PzzlsIWCdRtesGBOSyHTOMmal1TXI0F6LOcP%2BXOJxhpsiZXKSt%2FgXMmyYW3%2BMmMD6hZfpd9svXzePt9%2BKy%2Fm0d%2BgYWHtEf61Jo5CNclKwvLyA%2Fys%2F%2FHPPajLCLK1IiVYHoJNpNr5Mls8y2NmcbgLr0lu2cCLGgyX7c9vsepmwRk8o%2FCB4DgHhnjV3eEQANGOySS560gSgfTuoPziKuqi6lvlwe2gIVAf2UAlXTdy6Sn%2F2yromYu89VyU%2FRT6AynDuJbinEMPa5Jw%2FpH2gwGYvvX%2FoxMetoSp%2FsBXfqiCwBtPYYwEdSt6i2JAJ5OzJMHkakZ8t7rAWVoiKQVylq8pbHW8tzsJ%2B3GMigYEc05LTibBt%2FawtKKLwCqnk6qjg%2F%2B%2B1yHbR7Om%2F12%2BtBtYgbzS1XgDKfvh8khhdnl1I8EDCh5n2RBrPUf%2BYM4BX8a%2FHvPOPEuDd1Ce%2FzZYNdUa%2BtUPOyA5hU2eQUbZNps3DX7hoVnAzMEOVhzzBuu5%2FYYphMfShv6YUIYNAeyYbPHeVt32iHJNYtd7gxOJgkQDfkLIyuldBS3f8m8e6nLmzUhNzs2VE%2B%2Bisqs3JAEppg%3D%3D&nvMid=29030367587&catId=50001519
Apple 아이폰 13 프로 맥스 512GB [자급제],"최저1,839,970원판매처 55",https://cr.shopping.naver.com/adcr.nhn?x=eh9W4VU%2FRQnarK9FJFb7SP%2F%2F%2Fw%3D%3Dsf2FPueauhR5cihQq8tsA%2FCrl%2Bj5q2ACwx8MYynIn4c%2BGgjNtjvRyY8TaEm3AQ5UwFuHLLZbrz%2B6gVWN4jU1s72BOSyHTOMmal1TXI0F6LOcP%2BXOJxhpsiZXKSt%2FgXMmyYW3%2BMmMD6hZfpd9svXzePt9%2BKy%2Fm0d%2BgYWHtEf61Jo5CNclKwvLyA%2Fys%2F%2FHPPajLTOU9n1bTq7tWXjznfA1Q12NmcbgLr0lu2cCLGgyX7c9vsepmwRk8o%2FCB4DgHhnjV3eEQANGOySS560gSgfTuoPziKuqi6lvlwe2gIVAf2UAlXTdy6Sn%2F2yromYu89VyUysGB%2FiW3n%2F7YORPrm2%2BQ7Uh1D%2Fm%2BZZKtPCXCSZiVGI9XfqiCwBtPYYwEdSt6i2JAd%2FDEuCS2Zrll9y4OS8eJPfkwYDk9tHsvw%2B%2F64PPynPYEc05LTibBt%2FawtKKLwCqnk6qjg%2F%2B%2B1yHbR7Om%2F12%2BtPMmdV%2BWYcrALJnSJrnuEqp1I8EDCh5n2RBrPUf%2BYM4BX8a%2FHvPOPEuDd1Ce%2FzZYNR4mh6zP1pBrKgS16QamSA6fMcdJTpjIC1pn6JKylfqzMCx0oZ8VPc5NxzlDo0F4feL6%2FeljqfoTRBkwhbTORrgDfkLIyuldBS3f8m8e6nLmzUhNzs2VE%2B%2Bisqs3JAEppg%3D%3D&nvMid=29029192586&catId=50001519
Apple 아이폰 13 512GB [자급제],"최저1,368,200원판매처 75",https://cr.shopping.naver.com/adcr.nhn?x=fxgI6DYqhND3zh7e0uNSsv%2F%2F%2Fw%3D%3DsR8tN8wv9J0RM%2F2YamG5f1R8Laif5FICMESjaw9m6tpmGgjNtjvRyY8TaEm3AQ5UwF3QHMkoKj1A%2BH0D4r7cLQGBOSyHTOMmal1TXI0F6LOcP%2BXOJxhpsiZXKSt%2FgXMmyYW3%2BMmMD6hZfpd9svXzePt9%2BKy%2Fm0d%2BgYWHtEf61Jo5CNclKwvLyA%2Fys%2F%2FHPPajLMeLn3DEnnxE0ondyd3T%2BMGNmcbgLr0lu2cCLGgyX7c9vsepmwRk8o%2FCB4DgHhnjV3eEQANGOySS560gSgfTuoPziKuqi6lvlwe2gIVAf2UAlXTdy6Sn%2F2yromYu89VyUM6BGYs1vyzNO7AoENJbdhSvi%2BLBZzAhNPCvajfnSPNBXfqiCwBtPYYwEdSt6i2JA%2FWMLzxfkqsmfXLVpvQi4a8rCRKASTAGP2BBu8tvrdwgEc05LTibBt%2FawtKKLwCqnJNf8scw9NyljrLBDgKR59w385erTrEUuUwLA0NA5uM8tyoSE6KxzK06m1%2BHQP34Cx75hNxzBjEdI90ygIB3OJ%2FHOdsLtxv4qCiF9FIlOUim%2FhgaMkJIhbUi8HFdPXAb3%2BRno%2FnJN7w0Abpr0p6A7RWO0QScdmj79W4Ike%2ByYeOsNUJgJp6CUXauCvW7Y5AjN&nvMid=29030496586&catId=50001519
Apple 아이폰 13 프로 1TB [자급제],"최저1,830,000원판매처 52",https://cr.shopping.naver.com/adcr.nhn?x=QL2wpU%2B2n886xMeRpoSXHv%2F%2F%2Fw%3D%3DstBBIwGN8j0floX7bp7OHfOFspVPYqX0t88YZymX8XhSGgjNtjvRyY8TaEm3AQ5Uwt0g3WR48IRzl1FAUA2IEc2BOSyHTOMmal1TXI0F6LOcP%2BXOJxhpsiZXKSt%2FgXMmyYW3%2BMmMD6hZfpd9svXzePt9%2BKy%2Fm0d%2BgYWHtEf61Jo5CNclKwvLyA%2Fys%2F%2FHPPajLnGSGtfC7HsVtItJ58Wx%2BqWNmcbgLr0lu2cCLGgyX7c9vsepmwRk8o%2FCB4DgHhnjV3eEQANGOySS560gSgfTuoPziKuqi6lvlwe2gIVAf2UAlXTdy6Sn%2F2yromYu89VyUNDOGTGNT6K9T5w9pM1vKzw8lfg8z3m1jsCpUwtk1g5ZXfqiCwBtPYYwEdSt6i2JAd%2FDEuCS2Zrll9y4OS8eJPQJhH8P9ykVUm6BB2apgzPwEc05LTibBt%2FawtKKLwCqnk6qjg%2F%2B%2B1yHbR7Om%2F12%2BtHHkQJ%2FrU8QF%2B5mHEyvWdY%2FL%2FnGINkSYp%2Bd2xAAY7UDn1UxaqwwRAbTAeA%2FJh4PWJphrZqxKLaHQi7RUcQH0j5xicchwRNwmJ84TyxvjggzFzwGKvgvWD2uNy9Muejh%2FnBNTFjOkVE1tpKH8qyiv2BIOEsHC78VBLnFZh%2FnDobeN&nvMid=29029192588&catId=50001519
Apple 아이폰 13 프로 맥스 1TB [자급제],"최저2,020,000원판매처 53",https://cr.shopping.naver.com/adcr.nhn?x=Fqlfw%2B11dwbrYYuM1bGH%2Bf%2F%2F%2Fw%3D%3DsVLs2J1yPn9xk4uuP84IzPLXedi7ydZ2ytZq15wNnNtnrlQPyQuHoHFsppYbPEdHa7%2FPnocjj4KFOggd4%2BUG%2BeFSp9WpHE0u8LqmFnOPDHXDGeyKtEvDVp3t6oquWQkdNamYbrp%2FJvbHol2R40Xvhg4ZnlrSZr8PDPdBCvs8uWtdeJxHcKH4rYUhc5SxvGs%2FQpzgsJ2kpGxXbBjzCtpBxWyJO7jbxAC%2FhHJnJbE9pD225SET%2FmTh%2Bwr3iKnDGr9FR84IsOeUc4Ulb8z2B2wXb5WBvozsGKuKOevobNYa1JmIHs%2F2PHkpmvWjL2qy1nHubRAhzpglrnvlBGmlIRzIuhykv8RFXoTYseV9sHePCrXBkIptLkhleORsoGb3BUK6QIzTzjQrR1JItZ3Q6ocvnWrAuNuTN7Z06MuEFLliO4mZKsaK6szvgRo5X5XC1HnWyJWkKsSeQuaZ%2FlYk3rKhKIGDUvoTgi%2FQXXXKL%2FgFFTXkPVL%2B%2Frl5PLPXtI0kaP8PkmKdeEMdUbtmzDI4Aa7HQcUhoaoogoFHGQWSvkV3BkREO4fAp%2Fv1GpM%2FRQP84us8wezdPirNIEhU3YcDKwV2g5NYPOk0ykbNfS8kjYygd%2BUpvU2Y6hEEwGxc1AZfON9sL4VRAH%2BsMDObarUodGweR8Q%3D%3D&nvMid=29029192590&catId=50001519
Apple 아이폰 13 프로 256GB [LG U+],"최저819,930원판매처 15",https://cr.shopping.naver.com/adcr.nhn?x=cgmlySug14T32LM9J6fAuv%2F%2F%2Fw%3D%3Dsh%2FbEkJTaWwA%2FbfqZh5Rrh90XqIuRjYHucEOMUdsO7xqGgjNtjvRyY8TaEm3AQ5Uw81AtOhAhQ9DOWLk71kohEWBOSyHTOMmal1TXI0F6LOcP%2BXOJxhpsiZXKSt%2FgXMmyYW3%2BMmMD6hZfpd9svXzePt9%2BKy%2Fm0d%2BgYWHtEf61Jo5CNclKwvLyA%2Fys%2F%2FHPPajL%2FchmJsHbf2PpzOdNGLpJCWNmcbgLr0lu2cCLGgyX7c9vsepmwRk8o%2FCB4DgHhnjV3eEQANGOySS560gSgfTuoPziKuqi6lvlwe2gIVAf2UAlXTdy6Sn%2F2yromYu89VyU9lf6zeozMPRK8RBuY8zdIy5VGxyhMW3fGzdkIf9F8i9XfqiCwBtPYYwEdSt6i2JAEJQ8jzPn%2BY9zFsJfV32Ac%2BMlCRz9Y4MOT8xlonekVP0Ec05LTibBt%2FawtKKLwCqnk6qjg%2F%2B%2B1yHbR7Om%2F12%2BtGti6S87n1WuM9M%2FRU8W4f2jriJ8H0NV5nx9%2BVr0aUV280C2PNxD6gb9PpA0XGt4e6SGLrJlOzirKZMJMBPBTNqOv%2B%2BG7P8zZs54SDuTec41iZiL%2BhPS7uAbvUdP5rpzhIEAj%2F2xBE7YCb1r5FMH%2Br1B0CIl3BeKsFF2drF%2B%2BsFv&nvMid=29030415586&catId=50000248
Apple 아이폰 13 미니 256GB [LG U+],"최저137,880원판매처 13",https://cr.shopping.naver.com/adcr.nhn?x=qTpxokoWl%2BtfTgHpTcek4f%2F%2F%2Fw%3D%3DsKJkUbexfWWnYXWOLARLPyF%2FnBgSL6mKL6DzN2QH54kzrlQPyQuHoHFsppYbPEdHahdAPnLJc14V0cc08bFNbbUdPPH4Yzeq1QqJZaIsCRV3GeyKtEvDVp3t6oquWQkdNamYbrp%2FJvbHol2R40Xvhg4ZnlrSZr8PDPdBCvs8uWtdeJxHcKH4rYUhc5SxvGs%2FQnwz90lFjKTTi05jxFVvTqSJO7jbxAC%2FhHJnJbE9pD225SET%2FmTh%2Bwr3iKnDGr9FR84IsOeUc4Ulb8z2B2wXb5WBvozsGKuKOevobNYa1JmIHs%2F2PHkpmvWjL2qy1nHubyjLq%2FZyqbiKSXohpAim94fE1B2ijCpOdKddfEFsNR31kIptLkhleORsoGb3BUK6QdpNigRczOXpJrKZuD6kaG%2BN6L4kdPI4S6gz%2FWodqgM5KsaK6szvgRo5X5XC1HnWyi3Qtkfn1hMkL8tyo3kAsI46%2FnQ0UCjRsaah07ZX9cZWaU9qNqKx0Qc11MwuBOlFmrao8qS4hfxVZCl5WtKd9Z%2F9%2BXRqR1mqYewFPG%2BcDOqRicchwRNwmJ84TyxvjggzFAiINoIQLcoqkh8KBivjHDJiq5rQkhuj0Ou44Bk8iBtYOEsHC78VBLnFZh%2FnDobeN&nvMid=29030376589&catId=50000248
Apple 아이폰 13 미니 128GB [LG U+],"최저78,500원판매처 15",https://cr.shopping.naver.com/adcr.nhn?x=%2BqaOnRaNsOyoJlR6PYwJ9f%2F%2F%2Fw%3D%3DsoY25rdCJ3vvS054Ms%2BJqXJ9Wo0tz2ROQu2ntOunKwYzrlQPyQuHoHFsppYbPEdHaV7BN6X%2FK8i0yneoG9VhsJIsqKkV8QUkLgvP5Frt3zZTGeyKtEvDVp3t6oquWQkdNamYbrp%2FJvbHol2R40Xvhg4ZnlrSZr8PDPdBCvs8uWtdeJxHcKH4rYUhc5SxvGs%2FQ7pbwbHSh%2FX5BFJKMjiN3fSJO7jbxAC%2FhHJnJbE9pD225SET%2FmTh%2Bwr3iKnDGr9FR84IsOeUc4Ulb8z2B2wXb5WBvozsGKuKOevobNYa1JmIHs%2F2PHkpmvWjL2qy1nHubfbPrDG6XTH%2FQRbEPtMAilIVyl%2BRQy3RBeFxUXgOhwtVkIptLkhleORsoGb3BUK6QdpNigRczOXpJrKZuD6kaGyuKWKROLEItxVmr9RMhP1FKsaK6szvgRo5X5XC1HnWyi3Qtkfn1hMkL8tyo3kAsI%2F8rO2HOhPwRHEeeqEXVQy6aU9qNqKx0Qc11MwuBOlFmFUGuMYzpkFC5EDWgDPyQkBkjBFbVg6rmHkT2kGpFte0RpOFzCbaM6OU97uoPifjrugiFzqTGnXP5dU7Gft2ix2vjwHYCDxziLpITuk%2FdCdyCqA6%2BrrPkSkQjk3bFq%2FUy&nvMid=29030431586&catId=50000248
Apple 아이폰 13 프로 맥스 256GB [LG U+],"최저935,180원판매처 17",https://cr.shopping.naver.com/adcr.nhn?x=JNQXOqBlqkhzXdShp0cQMf%2F%2F%2Fw%3D%3Dsgd89E3Ff9P%2BHJlsORfIQN0F5HjqUyomvJUqKuDaMxcCGgjNtjvRyY8TaEm3AQ5Uw5i5IGU6gzhLjr73JEKDpnWBOSyHTOMmal1TXI0F6LOcP%2BXOJxhpsiZXKSt%2FgXMmyYW3%2BMmMD6hZfpd9svXzePt9%2BKy%2Fm0d%2BgYWHtEf61Jo5CNclKwvLyA%2Fys%2F%2FHPPajLk0DN2OTLGYPWI9hUoo%2FGH2NmcbgLr0lu2cCLGgyX7c9vsepmwRk8o%2FCB4DgHhnjV3eEQANGOySS560gSgfTuoPziKuqi6lvlwe2gIVAf2UAlXTdy6Sn%2F2yromYu89VyU%2BfuIJ9O8sdB0nclxSZbCfD3kwLTiPxMSMGNieH5SZX5XfqiCwBtPYYwEdSt6i2JAQEJwufU6UXh2ozJpaN7c9YKRWQRoKUYseJSMX4ors%2BUEc05LTibBt%2FawtKKLwCqnk6qjg%2F%2B%2B1yHbR7Om%2F12%2BtAm3dAkP%2Fn0VvyxjRZxDM5AHyKwMIinsXLRIwPAEQA4X2UjohpK7sZyY83SOIj%2FwoAY3yVuCxeAH6S5zVBb8L%2BFPwCXFJiRdosf3os3K%2FWn1uRqfIuy83d6TxolrRKBCL89c9B8KJZ4%2FoLkPsBt4rC3Njqh%2FZemCCOboDhnweAmG&nvMid=29030190586&catId=50000248
Apple 아이폰 13 프로 128GB [LG U+],"최저715,910원판매처 13",https://cr.shopping.naver.com/adcr.nhn?x=dW2RFp3o6rW3XutwyERjqf%2F%2F%2Fw%3D%3DsgcgZkoZRuOBuf4K44pfAC7H6wNvK8xjiE%2BQHjO%2Bidj%2BGgjNtjvRyY8TaEm3AQ5UwHB5M0n7jbD4jG6Bh%2Fr0NtmBOSyHTOMmal1TXI0F6LOcP%2BXOJxhpsiZXKSt%2FgXMmyYW3%2BMmMD6hZfpd9svXzePt9%2BKy%2Fm0d%2BgYWHtEf61Jo5CNclKwvLyA%2Fys%2F%2FHPPajL%2FHNuqNLq1In6IsDDJHfZwGNmcbgLr0lu2cCLGgyX7c9vsepmwRk8o%2FCB4DgHhnjV3eEQANGOySS560gSgfTuoPziKuqi6lvlwe2gIVAf2UAlXTdy6Sn%2F2yromYu89VyUhQZYI8A0uyhXqYrFHBSdId19sArSnzP8j0N7DyGqQLBXfqiCwBtPYYwEdSt6i2JA5vtPbEW6HxIETkHyvzNZw3IpovkICRMFSFZd0qB9HSAEc05LTibBt%2FawtKKLwCqnk6qjg%2F%2B%2B1yHbR7Om%2F12%2BtJcWQZF3Gd8nHxUfDNA1P%2F2jriJ8H0NV5nx9%2BVr0aUV2uzj6JipbwIejgKstQvJ%2FyAzSWg80DZdk7swhfdleGviOv%2B%2BG7P8zZs54SDuTec41gpRutQv0LU5MCXoU3liI7q0%2BXivMWPvAXXoCh6xTVLdB0CIl3BeKsFF2drF%2B%2BsFv&nvMid=29030175590&catId=50000248
Apple 아이폰 13 128GB [LG U+],"최저148,180원판매처 15",https://cr.shopping.naver.com/adcr.nhn?x=FUDcITuwqM60I%2FdHlcfqXv%2F%2F%2Fw%3D%3Ds%2F%2FIuEHUKvqtUtGToGuEgJ3kvdDhRexm%2Fn07ljT6mdtiGgjNtjvRyY8TaEm3AQ5UwnwgJbxSjSG55PnDAnT6NBWBOSyHTOMmal1TXI0F6LOcP%2BXOJxhpsiZXKSt%2FgXMmyYW3%2BMmMD6hZfpd9svXzePt9%2BKy%2Fm0d%2BgYWHtEf61Jo5CNclKwvLyA%2Fys%2F%2FHPPajLF5xNEd4OxamWQ%2BcHLqvQ1mNmcbgLr0lu2cCLGgyX7c9vsepmwRk8o%2FCB4DgHhnjV3eEQANGOySS560gSgfTuoPziKuqi6lvlwe2gIVAf2UAlXTdy6Sn%2F2yromYu89VyUXPWpDyXP%2F4%2FyhBzBZMsnND8j6ATJ%2Fp48fqBWdvXwsC9XfqiCwBtPYYwEdSt6i2JAYjPREpsSg2xoSGe8HsQeaPkwYDk9tHsvw%2B%2F64PPynPYEc05LTibBt%2FawtKKLwCqnTEM7MMN0Xq61PV1wjz80Rv%2FNpWB9ed0XZ%2BQGzSrNlO9%2BkXxt9yVwmMB510oiouqgzXntxsDWklBxISHqes0MiM80CHaZPun5q51E5V2WTMweDypf0rDXLvad7CUkqEpvVRrKM9YFUpo%2B1I%2BpPYKTj%2BR79U%2F6Az3gE9mQ%2Flgn57E%3D&nvMid=29030372586&catId=50000248
Apple 아이폰 13 미니 512GB [LG U+],"최저448,980원판매처 6",https://cr.shopping.naver.com/adcr.nhn?x=uTuMdWPib8U4Xqa1FS3kcv%2F%2F%2Fw%3D%3Dsu96U23FU4x2aU6p9%2BMkPGf%2FnsauLYSRZeMH4E925ByZN4NgkrPIjlczCBjhk2dSM1fI3eo4yU2BhcsDD81g25%2BSFV3hgwg4jPM4yYytt81QEGV3B%2FlnkbH51EX3Cg2JByR3oXsp%2B0rFrYleARBLIuMv%2BjB2erv%2BZ%2Brrs5VHOiTQgGE7%2BZatKjf5hEf1XctkKiUcxJt3KuQoVz4dC4LwqcZbkCnZt3PKDnGtnPfTpWXV9gLRMuJH34gK%2BdKxxm2wLzvmuWdN0wuXY4ET8K7rpR99%2BKy%2Fm0d%2BgYWHtEf61Jo4AUk0tbEb%2BPaAR8Zvsauh4%2FhTWWdan7Ooqt2CQX6h5TzPlEDfNB6pgrHEXJkTxuHae4j7VSO75EuNYt8EGaKK0v3bB0J6%2Fan48l5R1%2F%2Bt0nAZUmNA4gxLTebXdgCfMUNCk5Veu6YTQhhahVu5gYc%2BVXidWWlmU6nrd6uznt5Dut0FDHYnQii%2B1Jr2q%2F2imU85cZ8pgTGru4bgUYhRhw82x17iFLT9n%2FU8X6RLScTNRjFZZwtFs5gJNubIHdL3PRjSP9ozmdV%2FWs5eTR9VTjChbAwsSVb81H9yUZzeA7XatN29TZjqEQTAbFzUBl8432wvhVEAf6wwM5tqtSh0bB5Hx&nvMid=29030419586&catId=50000248
Apple 아이폰 13 256GB [LG U+],"최저272,180원판매처 15",https://cr.shopping.naver.com/adcr.nhn?x=O8%2FYCmG09CaWjv2IiuctSP%2F%2F%2Fw%3D%3DsXTsOk3wFYHUY0PZ3Uuy%2FCl1G7N%2FFz9Fe16Q5WmgWdE9N4NgkrPIjlczCBjhk2dSMNBFN8qPJ3B633OZ3uqKDLuSFV3hgwg4jPM4yYytt81QEGV3B%2FlnkbH51EX3Cg2JByR3oXsp%2B0rFrYleARBLIuMv%2BjB2erv%2BZ%2Brrs5VHOiTQgGE7%2BZatKjf5hEf1XctkKB2Pn%2FiPkS7HynqGLAPVU4pbkCnZt3PKDnGtnPfTpWXV9gLRMuJH34gK%2BdKxxm2wLzvmuWdN0wuXY4ET8K7rpR99%2BKy%2Fm0d%2BgYWHtEf61Jo4AUk0tbEb%2BPaAR8Zvsauh4bWnkI2YPVDTpKyV8LKun2jTed9qY2SzXEE3uvy8DjO6e4j7VSO75EuNYt8EGaKK0ubJl5KqoEcwWS62eRvyGoN1woZLwre%2F0c6LfC8XQvOak5Veu6YTQhhahVu5gYc%2BV8ZpqliBrscGEkHO%2BUJK1%2BBnJVc%2FwwHHnU9x20wW2y8Era53Vv59nBg9TSf7Mt851YS2srvDbXcIXgZ%2Fs5PAhXq2powcAmSPQMAleJgk1kJm%2B44cHYxxwCGELM32M%2FGhGH4ZAWZBFzLwtVb6nLR2EhmhopkeKUdu5q4dSKA0zkoA%3D&nvMid=29030189588&catId=50000248
Apple 아이폰 13 프로 맥스 128GB [LG U+],"최저813,180원판매처 16",https://cr.shopping.naver.com/adcr.nhn?x=D%2FYhHKQHxgOcGwTb2fzD0%2F%2F%2F%2Fw%3D%3Ds71fQzymapvPVoFBe5HJI2A1qmYSnMO2uQPH9%2Bx9L11NN4NgkrPIjlczCBjhk2dSMysh151BWPzjsrOGr0mmZwOSFV3hgwg4jPM4yYytt81QEGV3B%2FlnkbH51EX3Cg2JByR3oXsp%2B0rFrYleARBLIuMv%2BjB2erv%2BZ%2Brrs5VHOiTQgGE7%2BZatKjf5hEf1XctkKOk8u93tF6OAhEv8QijrI6ZbkCnZt3PKDnGtnPfTpWXV9gLRMuJH34gK%2BdKxxm2wLzvmuWdN0wuXY4ET8K7rpR99%2BKy%2Fm0d%2BgYWHtEf61Jo4AUk0tbEb%2BPaAR8Zvsauh4iaM8wE6FN8cfJnoWHyaRb4N4QpBkXVj1XERyfbN0%2Bu2e4j7VSO75EuNYt8EGaKK0ufByZ7Y4m%2BTwLii04L7viAZUmNA4gxLTebXdgCfMUNCk5Veu6YTQhhahVu5gYc%2BVPg6eBgqDKD1k7ahaORJH6vVL9c1xsltFyAZlpTroZpYOTnITeXUIiGAT3tHOc0GbTKo5CnlLrO%2BPacbML5XxEQcF%2FZm3zcS4omQJCVDHo9iIDf9TYDOC4LzgCehLsur5%2FV%2FZKIKstpU4csYNEGuXX4X8UchJ1ugrfuHNTxL7L7KFbDf4gHI5rSMJU1BWcIOg&nvMid=29030352586&catId=50000248
Apple 아이폰 13 프로 512GB [LG U+],"최저988,980원판매처 7",https://cr.shopping.naver.com/adcr.nhn?x=Ym3Z%2FxxII6A2HSdEeGMVjP%2F%2F%2Fw%3D%3DsG3G%2FNK2rxKd2R6Wa8SbAv%2BpNCh2OxbJurxYoa3kgXHzrlQPyQuHoHFsppYbPEdHap63xZE9lJy8E2nF5jR5brFSp9WpHE0u8LqmFnOPDHXDGeyKtEvDVp3t6oquWQkdNamYbrp%2FJvbHol2R40Xvhg4ZnlrSZr8PDPdBCvs8uWtdeJxHcKH4rYUhc5SxvGs%2FQSPWiJ7SXrJmKgRhytiKLlyJO7jbxAC%2FhHJnJbE9pD225SET%2FmTh%2Bwr3iKnDGr9FR84IsOeUc4Ulb8z2B2wXb5WBvozsGKuKOevobNYa1JmIHs%2F2PHkpmvWjL2qy1nHubdwtbsMUQO1o7iVKedqq3wUcboQgP2T0f3DmfnwThHahkIptLkhleORsoGb3BUK6QdpNigRczOXpJrKZuD6kaG6OZRlfM%2FSFaeoN9bSlLFdRKsaK6szvgRo5X5XC1HnWyJWkKsSeQuaZ%2FlYk3rKhKIL4oGSPqVUnYHgafH1nsU%2FeaU9qNqKx0Qc11MwuBOlFm2qRqqkmRjzDmmzADhw5%2BZwJCNfRmHaePHzXZs2ICZ15icchwRNwmJ84TyxvjggzF5bEzkA1tvZf0ivkeeujrAqRf%2Fhh%2BKtFWZBqdS6opWZEOEsHC78VBLnFZh%2FnDobeN&nvMid=29030295586&catId=50000248
Apple 아이폰 13 프로 맥스 512GB [LG U+],"최저1,259,180원판매처 6",https://cr.shopping.naver.com/adcr.nhn?x=U056QwnB9OlKr54CEA9BVf%2F%2F%2Fw%3D%3Dswr9fUqH%2FAu0yH5XXCYyCD1m9IwPA47E6a5IEZUpBW%2BDrlQPyQuHoHFsppYbPEdHadgbPNYpFpVW2eGV60qd1BIsqKkV8QUkLgvP5Frt3zZTGeyKtEvDVp3t6oquWQkdNamYbrp%2FJvbHol2R40Xvhg4ZnlrSZr8PDPdBCvs8uWtdeJxHcKH4rYUhc5SxvGs%2FQ4mhrqoyUBRFf4NTE8brPnyJO7jbxAC%2FhHJnJbE9pD225SET%2FmTh%2Bwr3iKnDGr9FR84IsOeUc4Ulb8z2B2wXb5WBvozsGKuKOevobNYa1JmIHs%2F2PHkpmvWjL2qy1nHub%2FWHYE29c2fBkD3QzTw2B3nxb5x1tp0D4IhLJBfYgKqNkIptLkhleORsoGb3BUK6QdpNigRczOXpJrKZuD6kaG08v8hwDw3UfbeEtwm2pa3BKsaK6szvgRo5X5XC1HnWyJWkKsSeQuaZ%2FlYk3rKhKIJmtTJ49uTiKu%2BskkNbp%2FU0EiaNfJtI8%2BWxAc1EGc8qsV5wvSck0MfgYLl2aZJDmmjecn2k%2FuuHdxEtgiVqI0Hj7RZeIdGRZeWZzQu4XP79TDNQK05J1HpP5qyz1eHqf%2BNFNuFX3L2aVUhj41v5s31VWhZ3SMHTcLlpircdRzUgq1JIslBmdxaTx7xO1%2BPPoWw%3D%3D&nvMid=29030181590&catId=50000248
Apple 아이폰 13 512GB [LG U+],"최저558,180원판매처 7",https://cr.shopping.naver.com/adcr.nhn?x=58VYMq9ceAN14G0Tjy%2Fsf%2F%2F%2F%2Fw%3D%3DscE66GKOW7qWEnjIwqk2jxheddPDX%2BffhqEiSGmmvRp%2BGgjNtjvRyY8TaEm3AQ5Uw%2BRX4oX3t8TI4T6SyB4txamBOSyHTOMmal1TXI0F6LOcP%2BXOJxhpsiZXKSt%2FgXMmyYW3%2BMmMD6hZfpd9svXzePt9%2BKy%2Fm0d%2BgYWHtEf61Jo5CNclKwvLyA%2Fys%2F%2FHPPajLFE9QF%2F1S7E7CtXP8syJEuWNmcbgLr0lu2cCLGgyX7c9vsepmwRk8o%2FCB4DgHhnjV3eEQANGOySS560gSgfTuoPziKuqi6lvlwe2gIVAf2UAlXTdy6Sn%2F2yromYu89VyUhD20FcKLZR%2FX4k2jKHz86OCuDDs%2Ft1kHBNldoeiQN%2BhXfqiCwBtPYYwEdSt6i2JAz7UZcQwcQQS1sjFtlukjbMrCRKASTAGP2BBu8tvrdwgEc05LTibBt%2FawtKKLwCqnJNf8scw9NyljrLBDgKR59%2F%2FNpWB9ed0XZ%2BQGzSrNlO9%2BkXxt9yVwmMB510oiouqgqWUq2uzki%2BHAXcHzDxwjIc80CHaZPun5q51E5V2WTMylRkHNhnYg5p8Z4ga0hjR6mloTNv9%2BVydkIGpIic7Cs%2BR79U%2F6Az3gE9mQ%2Flgn57E%3D&nvMid=29030296586&catId=50000248
Apple 아이폰 13 프로 맥스 1TB [LG U+],"최저1,535,180원판매처 7",https://cr.shopping.naver.com/adcr.nhn?x=taHPWjfHPFT3EahW6infPP%2F%2F%2Fw%3D%3DsrJ1Anh6VmtY4rqaztfvep1nTykhQN4uK31X%2FjZ%2B%2BFf%2FrlQPyQuHoHFsppYbPEdHavjRJwfp1demUvHgbuaBm0aKfMAGsiOgM1n4GN%2BEo1KLGeyKtEvDVp3t6oquWQkdNamYbrp%2FJvbHol2R40Xvhg4ZnlrSZr8PDPdBCvs8uWtdeJxHcKH4rYUhc5SxvGs%2FQmIz7mGM5N0RdINhatgLaWSJO7jbxAC%2FhHJnJbE9pD225SET%2FmTh%2Bwr3iKnDGr9FR84IsOeUc4Ulb8z2B2wXb5WBvozsGKuKOevobNYa1JmIHs%2F2PHkpmvWjL2qy1nHubF3UGj6IzKHxTbhXOsevqqmZ5mutF2iu3xy%2FKDNSxwMxkIptLkhleORsoGb3BUK6QdpNigRczOXpJrKZuD6kaG4NTeOd8LZYf%2F9XMqQ0LcU9KsaK6szvgRo5X5XC1HnWyJWkKsSeQuaZ%2FlYk3rKhKIGDUvoTgi%2FQXXXKL%2FgFFTXnpLKfV7lHXkGfYNhWiUOPtINRw1QNF%2FOPJXb5%2B358LYOI6DIYCNzEpqWGlo8Yw4svPNAh2mT7p%2BaudROVdlkzMKoBBnLzBTUfwtz9Fd3H0jA4mwXvnH2JeWJf7WUm2Ainke%2FVP%2BgM94BPZkP5YJ%2Bex&nvMid=29030181587&catId=50000248
Apple 아이폰 13 프로 1TB [LG U+],"최저1,299,000원판매처 4",https://cr.shopping.naver.com/adcr.nhn?x=NZqq%2B9lMmEsXV0HFF5%2Fst%2F%2F%2F%2Fw%3D%3DsJFT0mKPnODLuX8EQcn5brQhVoHPaSbVTrO0pqawcLheGgjNtjvRyY8TaEm3AQ5UwteMOH9LSnsZfHWVBP4Hx%2BGBOSyHTOMmal1TXI0F6LOcP%2BXOJxhpsiZXKSt%2FgXMmyYW3%2BMmMD6hZfpd9svXzePt9%2BKy%2Fm0d%2BgYWHtEf61Jo5CNclKwvLyA%2Fys%2F%2FHPPajLu3M6JhG%2FsadIzTtu0T5M22NmcbgLr0lu2cCLGgyX7c9vsepmwRk8o%2FCB4DgHhnjV3eEQANGOySS560gSgfTuoPziKuqi6lvlwe2gIVAf2UAlXTdy6Sn%2F2yromYu89VyUAmZV2vo8Q0m9FasiFa57FBH8chYVmwTpZLUpODncsNNXfqiCwBtPYYwEdSt6i2JAz7UZcQwcQQS1sjFtlukjbFTDSubha1vJFNVdpt9f0JEEc05LTibBt%2FawtKKLwCqnk6qjg%2F%2B%2B1yHbR7Om%2F12%2BtPIQTb7g15DsNlPIMMKB8dy7A%2F0vSPti8cHY4o2fastwNFaLHhBet%2Fb0gaiXbjcltSS%2By07j16vk5vZz3rrNEe36C0XXk8ySaOQ0OaLzzIxFiVeQoQCt%2Bfxhp6iECWliHvRRs2Tl2LVXyNQxua0eKL8GruH08DlKshetxY8KUEZb&nvMid=29030294586&catId=50000248
Apple 아이폰 13 mini 자급제 128GB 핑크,"922,810원",https://cr.shopping.naver.com/adcr.nhn?x=TyOycCOFTQMksXPQhywL9f%2F%2F%2Fw%3D%3Ds3MfubFva0zSvgEIB%2FMCGpS2Dsxu14tdPxXuL1nGpA9CGgjNtjvRyY8TaEm3AQ5UwRW0UGEzp6I7gYuArRjTK8WBOSyHTOMmal1TXI0F6LOcP%2BXOJxhpsiZXKSt%2FgXMmyYW3%2BMmMD6hZfpd9svXzePhzWbUP4hsfkDiMh%2FeiprrdhOluJ1tWQQiXRTgst1zfMd6bHlna6LOLB6PkUuNvGbhcZTESvesdOhIGLumEj5VnQKs7VECOCH6RiXWJE6IjEFjr0ogcFUQ9oLgPjJTjLT2FRkMGjmCAmRFA3T92dWRpwSuXXLEBv6z%2B3q0lfq9Jvqs1UlYpz9sG8xW7qutlSNWBvozsGKuKOevobNYa1JmIHs%2F2PHkpmvWjL2qy1nHubmh3SYgDfFAgVOE295i%2BrEBy29CV4i4y%2FQ9g3As5t895drU9gBvTOY8XVxGgpGxxdzmTgBf8s9pHWooJeUmRwOs5msUBBCQDT8FT1939LbgvM1lwfQy7SrRH%2FEshmn%2FEduycPGUmE%2B%2FkBn2xUmVUl2DgZH4JSoRb30E92AHG9Ef7x91hdeRCkNc2L18DVFH4QL3aXMZghk2CNFMEpXJGpCJl0196fypaZLflFdrQGGptlNzdJFgkoR1MOL3Zb6EWFEOSlC%2FdeHkcJhCL42JXg6k9PJpfO1BhdAjnB7F0RFxFXc50eBITwugSNPH3Ok09sVpGw61BSdoQRvEGgfFlc5w%3D%3D&nvMid=29619937553&catId=50001519
APLLE 아이폰13 미니 128GB 미개통 미개봉 새상품,"696,210원",https://cr.shopping.naver.com/adcr.nhn?x=DPsXIXX14hQ9RX7JhqbdEP%2F%2F%2Fw%3D%3DsNwhONdaXDbvfdwGSNFzYhWydAyiyqCu%2F%2FfeY6V2vbkSGgjNtjvRyY8TaEm3AQ5Uw4grHiajzkbNPTPgnsWRXD2BOSyHTOMmal1TXI0F6LOcP%2BXOJxhpsiZXKSt%2FgXMmyvZmBWeAVGrXCi3OHcmbJ%2BFDHuPCXPk7z4O3%2Bw2Pgn9helejFdkqFTSchcszRHkrySq6XY6XUi3EMsnCaBkvsxF%2Fz2MS%2BG6KSaDb%2BiSMo9ZpWhCcfZ%2FGoAug5fIgZxwRt%2FOIq6qLqW%2BXB7aAhUB%2FZQCVdN3LpKf%2FbKuiZi7z1XJQ%2B6H6bcz966eh7HM53OY%2BpNHLNpveM8A9rUPT%2Ba00haxtX1KiGewk6njQXhFIriI28uld39zOSPvhOgEXxdbDDzfNVo1KcSVSazeZg7M%2BAacHEs1%2BCqulzAT1A0vtOExFH05rvNDz7PzAT4ZyM8uarQlMmvbR5PWbKRWJLFfqS3ZsImd5R8ywdSoem%2Bc0Id3FFuVrPkkJARiuo992QR%2F2VetLK8f7JyKwW5SPFu8CoVeYQsU7TtARBhTKL6TvT1FPpcWAR46GqWP3G4%2BFRj9k%2FmyhzJJXH3TmoSi6oOh3yuAN%2BQsjK6V0FLd%2Fybx7qcubNSE3OzZUT76KyqzckASmm&nvMid=32358692890&catId=50001519
아이폰 13 pro max 256G 자급제 미개통 새상품,"1,357,620원",https://cr.shopping.naver.com/adcr.nhn?x=KXVx64eJ0TM669k4Z0KZwP%2F%2F%2Fw%3D%3DsMu%2BxNPiRisrF3UxIchawCN9dcn5d6qBRTxcwF3CTcHKGgjNtjvRyY8TaEm3AQ5UwBm2PSyYWkIt5Xxg1kabGWGBOSyHTOMmal1TXI0F6LOcP%2BXOJxhpsiZXKSt%2FgXMmyvZmBWeAVGrXCi3OHcmbJ%2BFDHuPCXPk7z4O3%2Bw2Pgn9helejFdkqFTSchcszRHkryBX4R1oEtwb%2Ft%2BQuYNWBWWsA8iR1KsQ4MOfMMLfC0YA5WhCcfZ%2FGoAug5fIgZxwRt%2FOIq6qLqW%2BXB7aAhUB%2FZQCVdN3LpKf%2FbKuiZi7z1XJTuotCurvzdQHnMPwvPlKxlEKFxdPS%2BKJxKNnmGjXQKlBtX1KiGewk6njQXhFIriI2gk8tMWBFdRlSgrLO64D4%2FzfNVo1KcSVSazeZg7M%2BAaQfceDYEdDfeflb1h3%2B92aT2U%2B1PO4YYYo1zE3QF95JhKE7%2Fq%2FbwFTLGi%2BQ6DdR7a4py0qbRAw24xBOhoW66GSh7YW%2FmFm8SSeblX1gpJph6oViAtx%2FdLsjekY8dbklcSy6CIOHlLyf7tFzQx427OB0DXhFk1bK0jknVhe0LK3argVnNqAA5RpwR6wWiuBH5Q%2BR79U%2F6Az3gE9mQ%2Flgn57E%3D&nvMid=30313697664&catId=50001519
애플 아이폰13미니128GB 자급제 새상품 미개통 미개봉,"643,280원",https://cr.shopping.naver.com/adcr.nhn?x=XOkYnR4jy025N0QpdeJddP%2F%2F%2Fw%3D%3Ds2xmtDvwVhosXjVaVGTJOWJXlz41As88ztbJHuEp40o%2FrlQPyQuHoHFsppYbPEdHaLdqct2q%2F854N7VyOqBp%2Bxu61PcVeY7XoFx7zQVOm8JXGeyKtEvDVp3t6oquWQkdN8acxeIi4KEu8HKVLm2ENZm%2Fzlkaggylryt0IEowRYKPgv6Uqdx%2BQ4rufvoPK93htU3FnbtO3XfLI9ssya2%2BXk1TDRTLwg4RuQkTvuzR%2FvhMj4S4TX%2FpKaEQFpJ%2ButhGEYG%2BjOwYq4o56%2Bhs1hrUmYgez%2FY8eSma9aMvarLWce5vwbiUxc5p7obbWfXvuXtVYZ2ITDIW6YE%2FnUTwRu5KMNup2LdD%2BbxXYDmNHXbecDBkO49f0sAXIS%2FnsWZS%2BZp32q6tC%2BEV0a0mgODoEotQwYe0O7wm%2B67JkV415rrRl2Kk78lggpgHUOsE%2BdP1yIF6ZLyNv%2Fc2MYaLmApnLfC7dsxBWHBvznIjVlF3vY%2FlY%2BWDEY9L4OzMOoKoAJcj3%2BkgyeKwNWqpJkbafoVkhuMZ43sSoMHqYpb1JNq2u0J1EMP4ugiDh5S8n%2B7Rc0MeNuzgd%2BKrFEwv2hOHVf3uK0uFOps9%2FAdx9LXHzex5uaVvgycLke%2FVP%2BgM94BPZkP5YJ%2Bex&nvMid=33216634088&catId=50001519
[아이폰] 애플 아이폰13 128GB 자급제 미개봉 새상품,"847,300원",https://cr.shopping.naver.com/adcr.nhn?x=t3XpDRnVP%2FxbVzigMwtkq%2F%2F%2F%2Fw%3D%3DsAvRtsCY2QhxkVSCWeDAs81wc%2By3Io6IO0hAyDF8dsK5N4NgkrPIjlczCBjhk2dSM%2Fax2bQXCUCm3pxPRCkNiOOSFV3hgwg4jPM4yYytt81QEGV3B%2FlnkbH51EX3Cg2JBq8FIyaThRfIwkS5ZE8Zje9%2B5CcYT6i7R71k9hGw5oerHaRPVsse2J3%2FKtbqGlV34s4PxzUzI2Oc23YAEU0dtMbg5q75HiUpkNSK4LTiHGSn8xf%2BD3xAPrkbWN1Ry4ATa%2F6Ko6CiZ1dJA1DjEv7D5%2BBD%2FRo0wgcza5EYJsOon5xurCRdUxvA177jl0VodmokhNUJnit2TyE8yh3GxJ0fiPGHt%2BAs3oCVLW18mB89bo0RCERg%2FRjozvzuLsLEFc2fR6nYt0P5vFdgOY0ddt5wMGe9o4UojZQFN02N1Ih%2FM59cC7hGMJKiYOWC%2F9%2FOyEas%2FWy9F8jHQmgfOmXFp7SM7YahYahypTALRtOsn3ak2p5XN1f9HGbG0Tabgh19pXST5q90eUzIIQGeNrWVXBgk2EsT4LNhk1f3YB6aFMHGZazZz0sZc3ElFf45jlWhCadPGQO8nBkFqiXJTIBhvVZzyy%2BrgNtcVfxaOjWiisMmUUBBVOq%2FntuhCNh0I2XPq7HvDXCdyKWbF5x95Ell10OsvbODLJ63vaQs79hz5nR5yvfodHI8FZtQVGFZJxOyBDKc%2B&nvMid=33567966874&catId=50001519
애플 아이폰13프로 256GB A2638-256,"1,039,840원",https://cr.shopping.naver.com/adcr.nhn?x=P2dNDWYC2fv0P%2FQZxkAfA%2F%2F%2F%2Fw%3D%3DsLgI5IztQpSJo1JG09Y%2FwG1x4kGgqJehJP42vUe%2BruyWGgjNtjvRyY8TaEm3AQ5UwAxm5OKpq4rP%2FOvQtw0isI2BOSyHTOMmal1TXI0F6LOcP%2BXOJxhpsiZXKSt%2FgXMmyvZmBWeAVGrXCi3OHcmbJ%2BFDHuPCXPk7z4O3%2Bw2Pgn9helejFdkqFTSchcszRHkryVM%2BXoBrCVEmYpEuOqX5wcCqQpJMWbf0FZVXKw1AJcOVWhCcfZ%2FGoAug5fIgZxwRt%2FOIq6qLqW%2BXB7aAhUB%2FZQCVdN3LpKf%2FbKuiZi7z1XJTqx2ChYtTM7bTQxjUZg%2BOYLyc2eJtNj7NlHcIRgaeU6xtX1KiGewk6njQXhFIriI3sx7ZFgFXg1m3KYXVcwRp2zfNVo1KcSVSazeZg7M%2BAaXy6g8F%2BGfDgU%2FNa1Hahj4OsJ%2B6gSRuUB6CUdwKRji5nba7r4MM%2FEBMNdfDJZxNd%2BKWXMjIzwkhmyWZfXoG%2FW8vY9rSJFsOggDD8EMNfRNPAZTc3SRYJKEdTDi92W%2BhFhWAWoKKV8PfqjBulzHsSks6jXfgs6HiZ9e32KrZfeIQgV3OdHgSE8LoEjTx9zpNPbFaRsOtQUnaEEbxBoHxZXOc%3D&nvMid=34056981446&catId=50001519
아이폰 13 미니 자급제 256GB 핑크 MLK73KH/A,"1,051,974원",https://cr.shopping.naver.com/adcr.nhn?x=lY5cGOKALS1yZNoc%2BPd5WP%2F%2F%2Fw%3D%3DsSyVNoF1Ngh%2FcN33z0Z%2BMH3pA57D7hadegFmRt07G5NhN4NgkrPIjlczCBjhk2dSMEEwpK%2Bwpvs0J9Zyun59iZeSFV3hgwg4jPM4yYytt81QEGV3B%2FlnkbH51EX3Cg2JBb8kFBOM%2Fqv6FDJkGC3blpeyBoNC0%2FiRMqIA19FGGfWevW%2B2V1S%2BDZFDVz5SP48nqReim3wGFL5%2BGvqfTMMIz2S1rNikbyXVba6qYcyknty9%2BsskCGU%2FbGn5PtEhzOz6Y5vUH%2Bjf9IeUWT%2FRovt5iekNSGFqc8L6mr9wH2DTirM0RCib9aWX6SACzkb5VmLsTkQe85rwE5KLxb71SEIWh2CJC1UTRg87RL1Af0wUp4v6HAka5Op4ZTiy7RRJymwIbQ%2BD%2Fo9glb0ukJK6bM8miKArsK1DNlYuW6vX8WB7j4Sn47lFcRMazDeJ%2BMVdj3UXsdhtgPq3y5iobc5E4eksViAxuHr8vjNd4%2BuFGDp4U8hnBUc2VUshtp%2BG%2BWpcrmMcN3BFDJPmINGVd22UpeKU8sqDtgCH0R0PehP72MEL6pXTCQrfMmVI6TIDmaybpn5E%2Bx%2Bm4KUupZEWoKdoZvgoP8and6rSXyFLCPNyqOlxJZ2NEeFqn9obRATN5ZwUWFyIUvUI71ndIaLxjxSbhPReuQGU3N0kWCShHUw4vdlvoRYUkuQbaLBXd2xumGHwIpFvC35c5qhntJr0ev%2FZRhXyg7%2BR79U%2F6Az3gE9mQ%2Flgn57E%3D&nvMid=32948088990&catId=50001519
Apple 아이폰 13 자급제 블루 128GB,"1,090,000원",https://cr.shopping.naver.com/adcr.nhn?x=8TvZ%2FQRbRPEzE2MASGKdJ%2F%2F%2F%2Fw%3D%3Ds08rVi57ax%2Fe%2BBwQxFy2u1Qjeur1%2FebnXXRRrRSuUHK9N4NgkrPIjlczCBjhk2dSMUBkPgHThFisozAIbtpCz3%2BSFV3hgwg4jPM4yYytt81QEGV3B%2FlnkbH51EX3Cg2JBcLb0PgmRDy0MCzUQ2cGmX26IdemuhMaRXNFs4t7grWz%2BdsI0oBV0GFufH9Q6MaoxuqKp5BEw4mdjflcNtQ%2FmKaRCcgCynmIN3Xk7p2rEsnq1%2FusValqmN6Iy5ZBSuBzGxtCwEgz4JPsQbn0LKxIeAX14vSip%2BowRuI7C3NhE9t47Ux%2FuZUeoDFZptJTI4KRh1xqSAhJdnasMqQ%2FupckyUvziKuqi6lvlwe2gIVAf2UAlXTdy6Sn%2F2yromYu89VyUF1iPKKIVJ4gwZX9aOmujBn2Se3ZiXqKyR7lrcXZAgzBXfqiCwBtPYYwEdSt6i2JAE3tRT9Q9HWZcHtY8t2oCODFSJaSGwHikTgYFhWHdLOAJYq2oTMcSZCfks52RD10qrIJxoXYLzbDfcL4LF3u7hFOyNOBtX2FdnNWO18PbnstdnvoolkKVNouiKxvFitIQNXM707MOQgUuaKonUqqPCHROM7OMEWn2%2Fkog45w%2FA6aGAv2xA9xguVkCJJpofd3ucPTAWLOl%2FIkEbZjDGyagg%2BQYMLnagzq%2BlBaDbKjY0dUOEsHC78VBLnFZh%2FnDobeN&nvMid=29619782067&catId=50001519
애플 아이폰13프로맥스 256GB 자급제 미개봉 미개통,"1,374,720원",https://cr.shopping.naver.com/adcr.nhn?x=8OtN4T9lqK55Xyx6SB7GfP%2F%2F%2Fw%3D%3Ds4xG47KXpDzD4Rlm3Cc%2F7ECIieiwNNIgNAvnCoWDzTeSGgjNtjvRyY8TaEm3AQ5UwfxRPTCyf0vNCWVMctpq2tmBOSyHTOMmal1TXI0F6LOcP%2BXOJxhpsiZXKSt%2FgXMmyYW3%2BMmMD6hZfpd9svXzePn9jBvQF78L7i7pnL4F1ZjMNaLo85e6Ha77aQ4Q%2Fp7sSCq3iKqLj%2BRWT3kLVMX8TXQikF69hGDS%2B1uyjcgPRch9D4YBV59ZU5OJ7S1JppRBI1xqSAhJdnasMqQ%2FupckyUvziKuqi6lvlwe2gIVAf2UAlXTdy6Sn%2F2yromYu89VyUTl8j5hKasOs%2BJExzNJ3Mpn8drTSwmHYxXpuxPTmntTNXfqiCwBtPYYwEdSt6i2JA1JW1HtO89fFbzaIFnJeoA%2BR2RXB087JSCs1ccNn4JBeCZx0msog9Vp1L%2BGY8o4Wjl0TT8T6UmNbKQtk7D%2Bxr%2FpOKMIuC%2F1EMNTvkXd21w1gzTCo%2FHwuy6ekGFH%2BlDRPHNQRmOv5hONxOLbJValw249LM2w7RHJu%2BOdZUakW3PbVRwZW9I2KpsYOHA8uKuXUGfAl5dudTqZlos35c9ihFnJY5n64gWxu8OaQjjv7VESIrE5mt20mYQ74596PQzcMbxyAhEKTy%2B0Zvtn8oYxIR0Q%3D%3D&nvMid=33215245054&catId=50001519
해외Apple Iphone13 아이폰13자급제 홍콩 무음카메라 듀얼심,"1,228,300원",https://cr.shopping.naver.com/adcr.nhn?x=HFC%2Fmy8lgZLXp1sHhFp94%2F%2F%2F%2Fw%3D%3Dsad59gwRU7Ip4Lxb0zR87%2BDpztI7yG5YJ73xizK3PCfJN4NgkrPIjlczCBjhk2dSMlzx5Q17wiuMZAI%2BRzE5vzuSFV3hgwg4jPM4yYytt81QEGV3B%2FlnkbH51EX3Cg2JBsEqo7PAwoqQNgaCahkx6XMVIhUTYq2J1wF4XcKD2AOWkOA3ZateG%2FY8eKxwX1E0N4ORqcG71V%2BiGTlbwNilb41hxgent0aM9%2BJgDeYQGYzBVXemfpmeX70wC2wQT5nyi5pxiwDZPU40LYzhHX%2FcRv7qEO2A95u6ABX44nJs2%2Bigk%2FfOPQ3N1sZ8oU0CpYBONK98KaIZa4VBE0V5wqYGSTlqKawEO4bx3XflxFDJF%2FAOMHn7BDBNaqXNmoKbAeTMvHGdMvw8nezH94jagqmPCl03dnBinpxibrYl5C4KK0guDitaa93bdqASrt3E2yYbKW6KNojSEzQp27ZBbWSP3My8FOZEJrDL45bk73RuPzZrzGloMjZtjAVrY3RiN38ruh%2BuCFUpaCcb51XqGI9vAFLVv7cUnxV%2FMbyfL9DNgSSAk5Z8GHZ5YEHBtqs%2BgzlQZGdB5%2F8CH69SXbsN47kIfKW9TZjqEQTAbFzUBl8432wvhVEAf6wwM5tqtSh0bB5Hx&nvMid=83441457587&catId=50001519
아이폰13 미니 256GB 자급제 새상품,"877,820원",https://cr.shopping.naver.com/adcr.nhn?x=zWf98EQGcoEEJpDSIMTqfP%2F%2F%2Fw%3D%3DsQvhtLEHOISIeKGfU9Q8YOmk1WZvIQd7oRB%2Brif6dZkpN4NgkrPIjlczCBjhk2dSMIjUEYRK1js%2BDAfRR3zJAjuSFV3hgwg4jPM4yYytt81QEGV3B%2FlnkbH51EX3Cg2JBb8kFBOM%2Fqv6FDJkGC3blpY41FVW4KFopfFaQ9bivvWhqzBXWPbtXf%2Bl9pVE572w%2Bra7cglUsGQf1yooW7Bqcvt1elJjgOAQ%2BgUObngaY0nbO%2Ba5Z03TC5djgRPwruulH334rL%2BbR36BhYe0R%2FrUmjgBSTS1sRv49oBHxm%2Bxq6HgPMoJbYgB53U1J1n6cLbp2JsMZTTyekJyt6ido18j8D%2F9F%2FIBQQYa%2Bq5505OTatqxVLld3M8Gst3DAR2O9LZanSGvyA3Mo4deUUDeSDOc2kzvFtsfuhjlOOIY2Pi9tW6QHOwtp3iFb52GMv88LkMnt3MWsvX7g03E2ehQuOqzPOSYbjuIVfoOOuFt9JV6YBBwB3xG%2BCrUT8fWQarH7K%2FLCZTc3SRYJKEdTDi92W%2BhFhXvtP9ipyfdeUvL68xzwH83wbpb8vCHKRBgbpVYQkSKSV3OdHgSE8LoEjTx9zpNPbFaRsOtQUnaEEbxBoHxZXOc%3D&nvMid=32358707400&catId=50001519
해외아이폰 13 Pro ProMax 미국직구 정품 무음 카메라 관부가세 포함,"1,590,000원",https://cr.shopping.naver.com/adcr.nhn?x=IIaj1dNBwye9Cy2uNP3amv%2F%2F%2Fw%3D%3Ds9o5zlk4aWmHiQYkYhX46WeXn6ghrvlKBXsROcR%2F8MuWGgjNtjvRyY8TaEm3AQ5UwN0wonTgit%2FtUVUFhZJM3DWBOSyHTOMmal1TXI0F6LOcP%2BXOJxhpsiZXKSt%2FgXMmyYW3%2BMmMD6hZfpd9svXzePkS%2BortKzfQDWBF5GV%2FKfqEhJv3ljJo79VVIpj6%2Fm3WOzjJ%2FdRAkTXXaKaUiN0IlULUNovRALf%2FsC5RKL843errL%2Fowdnq7%2Fmfq67OVRzok0S5SJNLgIdS1XFCtZ5GETGLJVEzs0v%2BVaRS5PJlJTmG%2BAjOtNJa7R3TqN0QWg1kue2HvQrG1q57G6KIPveES%2FyAFxkEHVCj8tTyV9rYCxGzK1XYnVqa53rQyFPJQBniBkab5Zn795vE0O8n6BDoI0Ih%2FHNnktTgfIjwSUEplNhh52rUVmo7bpMlXIeIzCZ6QNlgIruPkdRs5hbofarB%2FRtdWtpKLIGwfzWRzH1DRhjvr84hG24j8fDBJbe6XnSXz7hy2f4%2BH6lvDH6QfT0wimmjFllaCy4ZVnqGkBa4tjiEXNvS694cQomRG2%2B01PGrUQwtTZgja2fjDIH5TKOAvUBLDVgedBnc6fEfWcWqE13ysDfkLIyuldBS3f8m8e6nLmzUhNzs2VE%2B%2Bisqs3JAEppg%3D%3D&nvMid=83251553577&catId=50001519
